<?xml version="1.0" encoding="UTF-8"?><InteractionHistory Id="activity" Version="1"><InteractionEvent Delta="started" EndDate="2007-07-31 20:19:51.163 EDT" Interest="1.0" Kind="command" Navigation="" OriginId="org.eclipse.mylyn.core" StartDate="2007-07-31 20:19:51.163 EDT" StructureHandle="lifecycle" StructureKind="context"/><InteractionEvent Delta="activated" EndDate="2007-07-31 22:00:58.959 EDT" Interest="1.0" Kind="command" Navigation="" OriginId="org.eclipse.mylyn.core" StartDate="2007-07-31 20:24:10.138 EDT" StructureHandle="attention" StructureKind="context"/><InteractionEvent Delta="activated" EndDate="2007-07-31 23:08:51.844 EDT" Interest="1.0" Kind="command" Navigation="" OriginId="org.eclipse.mylyn.core" StartDate="2007-07-31 23:08:51.844 EDT" StructureHandle="local-1" StructureKind="context"/><InteractionEvent Delta="deactivated" EndDate="2007-07-31 23:08:56.49 EDT" Interest="1.0" Kind="command" Navigation="" OriginId="org.eclipse.mylyn.core" StartDate="2007-07-31 23:08:56.49 EDT" StructureHandle="local-1" StructureKind="context"/><InteractionEvent Delta="activated" EndDate="2007-07-31 23:43:51.386 EDT" Interest="1.0" Kind="command" Navigation="" OriginId="org.eclipse.mylyn.core" StartDate="2007-07-31 23:08:45.725 EDT" StructureHandle="attention" StructureKind="context"/><InteractionEvent Delta="activated" EndDate="2007-07-31 23:53:23.967 EDT" Interest="1.0" Kind="command" Navigation="" OriginId="org.eclipse.mylyn.core" StartDate="2007-07-31 23:53:23.967 EDT" StructureHandle="local-2" StructureKind="context"/><InteractionEvent Delta="activated" EndDate="2007-07-31 23:57:16.695 EDT" Interest="1.0" Kind="command" Navigation="" OriginId="org.eclipse.mylyn.core" StartDate="2007-07-31 23:53:16.654 EDT" StructureHandle="attention" StructureKind="context"/><InteractionEvent Delta="deactivated" EndDate="2007-07-31 23:57:35.683 EDT" Interest="1.0" Kind="command" Navigation="" OriginId="org.eclipse.mylyn.core" StartDate="2007-07-31 23:57:35.683 EDT" StructureHandle="local-2" StructureKind="context"/></InteractionHistory>