<?xml version="1.0" encoding="UTF-8"?><InteractionHistory Id="local-2" Version="1"><InteractionEvent Delta="null" EndDate="2007-07-31 23:57:35.673 EDT" Interest="-0.39100003" Kind="manipulation" Navigation="null" OriginId="org.eclipse.mylyn.core.model.interest.decay" StartDate="2007-07-31 23:57:35.673 EDT" StructureHandle="" StructureKind="java"/><InteractionEvent Delta="null" EndDate="2007-07-31 23:55:42.376 EDT" Interest="1.017" Kind="manipulation" Navigation="null" OriginId="org.eclipse.mylyn.core.model.interest.decay.correction" StartDate="2007-07-31 23:55:42.376 EDT" StructureHandle="" StructureKind="java"/><InteractionEvent Delta="null" EndDate="2007-07-31 23:57:24.40 EDT" Interest="25.127996" Kind="propagation" Navigation="org.eclipse.mylyn.core.model.edges.containment" OriginId="org.eclipse.mylyn.core.model.interest.propagation" StartDate="2007-07-31 23:53:36.380 EDT" StructureHandle="" StructureKind="java"/><InteractionEvent Delta="null" EndDate="2007-07-31 23:57:35.673 EDT" Interest="-0.39100003" Kind="manipulation" Navigation="null" OriginId="org.eclipse.mylyn.core.model.interest.decay" StartDate="2007-07-31 23:57:35.673 EDT" StructureHandle="=ocremix-manager/src\/main" StructureKind="java"/><InteractionEvent Delta="null" EndDate="2007-07-31 23:55:42.376 EDT" Interest="1.017" Kind="manipulation" Navigation="null" OriginId="org.eclipse.mylyn.core.model.interest.decay.correction" StartDate="2007-07-31 23:55:42.376 EDT" StructureHandle="=ocremix-manager/src\/main" StructureKind="java"/><InteractionEvent Delta="null" EndDate="2007-07-31 23:57:24.40 EDT" Interest="21.127998" Kind="propagation" Navigation="org.eclipse.mylyn.core.model.edges.containment" OriginId="org.eclipse.mylyn.core.model.interest.propagation" StartDate="2007-07-31 23:53:36.380 EDT" StructureHandle="=ocremix-manager/src\/main" StructureKind="java"/><InteractionEvent Delta="null" EndDate="2007-07-31 23:57:19.733 EDT" Interest="2.0" Kind="selection" Navigation="null" OriginId="org.eclipse.jdt.ui.PackageExplorer" StartDate="2007-07-31 23:57:00.676 EDT" StructureHandle="=ocremix-manager/src\/main" StructureKind="java"/><InteractionEvent Delta="null" EndDate="2007-07-31 23:57:35.673 EDT" Interest="-0.39100003" Kind="manipulation" Navigation="null" OriginId="org.eclipse.mylyn.core.model.interest.decay" StartDate="2007-07-31 23:57:35.673 EDT" StructureHandle="=ocremix-manager" StructureKind="java"/><InteractionEvent Delta="null" EndDate="2007-07-31 23:55:42.376 EDT" Interest="1.017" Kind="manipulation" Navigation="null" OriginId="org.eclipse.mylyn.core.model.interest.decay.correction" StartDate="2007-07-31 23:55:42.376 EDT" StructureHandle="=ocremix-manager" StructureKind="java"/><InteractionEvent Delta="null" EndDate="2007-07-31 23:57:24.40 EDT" Interest="24.110998" Kind="propagation" Navigation="org.eclipse.mylyn.core.model.edges.containment" OriginId="org.eclipse.mylyn.core.model.interest.propagation" StartDate="2007-07-31 23:53:36.380 EDT" StructureHandle="=ocremix-manager" StructureKind="java"/><InteractionEvent Delta="null" EndDate="2007-07-31 23:57:35.673 EDT" Interest="-0.187" Kind="manipulation" Navigation="null" OriginId="org.eclipse.mylyn.core.model.interest.decay" StartDate="2007-07-31 23:57:35.673 EDT" StructureHandle="=ocremix-manager/src\/main&amp;lt;com.dicksoft.ocr" StructureKind="java"/><InteractionEvent Delta="null" EndDate="2007-07-31 23:57:24.39 EDT" Interest="5.0" Kind="selection" Navigation="null" OriginId="org.eclipse.jdt.ui.PackageExplorer" StartDate="2007-07-31 23:56:43.106 EDT" StructureHandle="=ocremix-manager/src\/main&amp;lt;com.dicksoft.ocr" StructureKind="java"/></InteractionHistory>